t,x,sigma
682.6500347222245,2.543169820511651e-07,8.228799592473433e-08
689.6500347222245,2.7587040259882357e-07,7.184894646649949e-08
696.6500347222245,2.137355510649085e-07,5.98848813805365e-08
703.6500347222245,1.2239827426241234e-07,4.5760937719515676e-08
710.6500347222245,6.239677847747107e-07,7.784188972303043e-08
717.6500347222245,8.792774986678835e-07,8.706698486750885e-08
724.6500347222245,1.0226798154704867e-06,8.064016249858022e-08
731.6500347222245,8.495703316176566e-07,9.986534373063856e-08
738.6500347222245,1.3662623375803565e-06,1.1329104272406504e-07
745.6500347222245,8.20110545489779e-07,8.857804300705716e-08
752.6500347222245,1.0975880505504295e-06,8.818152930449672e-08
759.6500347222245,5.190634796444591e-07,7.284547590120193e-08
766.6500347222245,8.109820467773815e-07,7.661068616729035e-08
773.6500347222245,7.055434707443775e-07,7.679875597883524e-08
780.6500347222245,6.244871102744384e-07,7.684196813033357e-08
787.6500347222245,3.2547454132696776e-07,7.795397288395362e-08
794.6500347222245,4.684202270916555e-07,8.083455881809067e-08
801.6500347222245,3.693010262134818e-07,6.694800727846956e-08
808.6500347222245,8.084100114683357e-07,7.964794185259141e-08
815.6500347222245,5.922903161257131e-07,6.586042569338844e-08
822.6500347222245,1.8763787231856611e-07,5.731895732551629e-08
829.6500347222245,3.891586619868117e-07,5.699338724101722e-08
836.6500347222245,2.0593800565578285e-07,5.92986344846953e-08
843.6500347222245,2.230792412434236e-07,6.288726571096927e-08
850.6500347222245,2.680290463440056e-07,6.585947640617347e-08
857.6500347222245,1.3929513122274587e-07,4.7780032121451335e-08
864.6500347222245,2.811665151042133e-07,5.444029266315144e-08
871.6500347222245,3.6003921088547705e-07,6.02232440251836e-08
878.6500347222245,2.251285186173251e-07,5.215140224724542e-08
885.6500347222245,2.9498042084868906e-07,6.094840335808575e-08
892.6500347222245,4.494148445061598e-07,7.738321541392722e-08
899.6500347222245,5.603831720305009e-07,1.4276278191415877e-07
906.6500347222245,5.050362658429865e-07,7.814506323333017e-08
913.6500347222245,2.8708381446484593e-07,6.363686124562288e-08
920.6500347222245,1.611251527112749e-07,3.750066932691091e-08
927.6500347222245,3.037290022643077e-07,6.019970666625883e-08
934.6500347222245,5.894174619808187e-07,7.946969423941994e-08
941.6500347222245,1.1487064160528228e-06,9.27452485886305e-08
948.6500347222245,9.080333648253071e-07,1.0308363047164776e-07
955.6500347222245,7.13344099294828e-07,9.611038048616509e-08
962.6500347222245,5.095065346765091e-07,8.236925659064043e-08
969.6500347222245,4.963103850427366e-07,6.628703039192093e-08
976.6500347222245,5.639030557085355e-07,6.473864107799403e-08
983.6500347222245,4.2188870928373137e-07,6.039553505374445e-08
990.6500347222245,3.0073619019805597e-07,6.091160170772739e-08
997.6500347222245,2.791400384002705e-07,6.738297887466795e-08
1004.6500347222245,1.054858821483151e-07,3.321880834894739e-08
1011.6500347222245,3.124079515469934e-07,7.406795421160298e-08
1018.6500347222245,4.928490895514612e-07,6.908063424546973e-08
1025.6500347222245,1.700075754002312e-07,5.4960791894665376e-08
1032.6500347222245,2.692947082103969e-07,6.019890303698055e-08
1039.6500347222245,3.9064364590770025e-07,6.696841515846695e-08
1046.6500347222245,1.0301947027688395e-06,9.298977532396307e-08
1053.6500347222245,8.23174865323409e-07,1.018898704216826e-07
1060.6500347222245,2.7820106400553175e-06,1.5415188913460972e-07
1067.6500347222245,1.5498559256266912e-06,1.114510334497128e-07
1074.6500347222245,1.063605647268597e-06,1.0549858241231046e-07
1081.6500347222245,1.278083051855009e-06,1.1096569093007978e-07
1088.6500347222245,4.209488400946937e-06,1.5687504916392462e-07
1095.6500347222245,3.1252886192223426e-06,1.7904476489758254e-07
1102.6500347222245,2.494385325438382e-06,1.8069767464569422e-07
1109.6500347222245,1.46727953471265e-06,1.3141023957339231e-07
1116.6500347222245,1.3717820698841559e-06,1.439445569198011e-07
1123.6500347222245,1.1794970480744396e-06,1.363998969250763e-07
1130.6500347222245,8.005371722876241e-07,1.0774583404355839e-07
1137.6500347222245,2.0276234405928936e-06,1.2592050699454322e-07
1144.6500347222245,1.691114378022241e-06,1.0797858341017602e-07
1151.6500347222245,8.53861046863892e-07,9.907789927685207e-08
1158.6500347222245,1.1560892331738514e-06,1.2726926255996514e-07
1165.6500347222245,1.0547249004550044e-06,1.1229912257600125e-07
1172.6500347222245,9.361873712737864e-07,1.1820292118651398e-07
1179.6500347222245,8.891399693887962e-07,1.1852003671172995e-07
1186.6500347222245,4.264851941518573e-07,7.773598240742777e-08
1193.6500347222245,3.5564199188874667e-07,7.185584745719522e-08
1200.6500347222245,1.2236431469198753e-06,1.1616952827715611e-07
1207.6500347222245,3.349652693524734e-07,1.001532034947622e-07
1214.6500347222245,7.079535943800697e-07,1.064354126203122e-07
1221.6500347222245,4.5587074088684773e-07,8.494520601670228e-08
1228.6500347222245,6.602502899559715e-07,1.0886183853430638e-07
1235.6500347222245,6.262431570424096e-07,1.0497283426081362e-07
1242.6500347222245,3.777764187546099e-07,7.173020812818022e-08
1249.6500347222245,8.821307488843444e-07,9.118354459034748e-08
1256.6500347222245,1.662607588631677e-06,1.3871616487541654e-07
1263.6500347222245,2.2494114666559596e-06,1.805846816148629e-07
1270.6500347222245,1.72899988169821e-06,1.393765281454407e-07
1277.6500347222245,9.792773142699792e-07,1.168777002826581e-07
1284.6500347222245,5.881993073168716e-07,1.1430570587018225e-07
1291.6500347222245,1.9483611715895895e-07,8.231287276962541e-08
1298.6500347222245,2.2988612150639046e-07,6.124702757706892e-08
1305.6500347222245,2.9300048660845797e-07,7.102268563828056e-08
1312.6500347222245,2.033285910736066e-07,6.264318988418163e-08
1319.6500347222245,2.7382693003697695e-07,8.135894316866513e-08
1326.6500347222245,5.373172070617078e-07,9.276074159598197e-08
1333.6500347222245,5.987248418710166e-07,8.879945950841554e-08
1340.6500347222245,3.010203114372416e-07,7.60296140944594e-08
1347.6500347222245,3.639281217335235e-07,7.022205209770906e-08
1354.6500347222245,5.59089161357957e-07,7.156199610346276e-08
1361.6500347222245,3.035791834885466e-07,6.81146220256333e-08
1368.6500347222245,4.077675253728082e-07,8.730757922953188e-08
1375.6500347222245,6.691453700162166e-07,1.0107998938008863e-07
1382.6500347222245,3.8086771316502e-07,7.640332622747316e-08
1389.6500347222245,1.9338151626743056e-07,6.785516971611032e-08
1396.6500347222245,1.7769338057201813e-07,7.349704154151779e-08
1403.6500347222245,1.9650088946139916e-07,6.004106540896768e-08
1410.6500347222245,1.106340291809014e-07,3.424837615723323e-08
1417.6500347222245,2.9298496561339784e-07,9.642631004798226e-08
1424.6500347222245,4.059645491517591e-07,1.0624937242234135e-07
1431.6500347222245,4.3234460588701327e-07,8.22337825306604e-08
1438.6500347222245,5.794190672152266e-07,8.841663364993461e-08
1445.6500347222245,3.703648705940567e-07,9.918641110074016e-08
1452.6500347222245,4.3931165443281044e-07,8.904243551762108e-08
1459.6500347222245,2.43454422650835e-07,1.4429781495232015e-07
1466.6500347222245,5.085701837399486e-07,9.592974403190402e-08
1473.6500347222245,6.297834921785563e-07,1.1572947602630353e-07
1480.6500347222245,4.6822910422479655e-07,1.0735525513526462e-07
1487.6500347222245,2.864570486972718e-07,9.508013305827077e-08
1494.6500347222245,2.3452819294061288e-07,8.714136484404494e-08
1501.6500347222245,1.98760405731012e-07,7.863877709516228e-08
1508.6500347222245,1.8886044462335556e-07,5.460846512490832e-08
1515.6500347222245,3.985086597497986e-07,7.048191328477564e-08
1522.6500347222245,4.594780112149427e-07,9.85645068093689e-08
1529.6500347222245,1.7949434763025704e-07,6.501150467760187e-08
1536.6500347222245,4.1362978164286114e-07,8.649910495598004e-08
1543.6500347222245,3.6309083885458215e-07,8.55019366959016e-08
1550.6500347222245,6.758155278956287e-07,1.1357511217893574e-07
1557.6500347222245,3.0824414700113404e-07,6.913286462226731e-08
1564.6500347222245,4.068989453858394e-07,7.231434231829785e-08
1571.6500347222245,5.18239924022231e-07,7.384200914794598e-08
1578.6500347222245,2.678487468962055e-07,8.622605568525771e-08
1585.6500347222245,4.6658947904367817e-07,8.923029113459888e-08
1592.6500347222245,2.3355712710874867e-07,7.249262488894772e-08
1599.6500347222245,4.029507121753634e-07,9.341828184654728e-08
1606.6500347222245,4.3613073672323924e-07,9.971682515711746e-08
1613.6500347222245,2.006159936893583e-07,7.384830151786485e-08
1620.6500347222245,1.7685470685774857e-07,5.340395342276622e-08
1627.6500347222245,1.879567618281749e-07,6.94282693584116e-08
1634.6500347222245,1.325886039423638e-07,7.225147197755532e-08
1641.6500347222245,1.3710179843318264e-07,6.059534863813867e-08
1648.6500347222245,2.0726819043059275e-07,5.2300466416015337e-08
1655.6500347222245,4.5806107229871796e-07,9.942802118650819e-08
1662.6500347222245,4.335703908273103e-07,2.134172227994302e-07
1669.6500347222245,1.9496144375361473e-07,6.702360248389907e-08
1676.6500347222245,1.2090864582194923e-07,4.6927819806099386e-08
1683.6500347222245,2.4467555074334663e-08,5.285369247840877e-08
1690.6500347222245,9.417824848073307e-08,7.478088197040104e-08
1697.6500347222245,2.2717080827522875e-07,7.040179705799723e-08
1704.6500347222245,3.758613063116427e-07,8.590723123608798e-08
1711.6500347222245,1.3322083312321405e-07,7.596775036450647e-08
1718.6500347222245,1.446918126557032e-07,6.858961305744114e-08
1725.6500347222245,1.0904491752857233e-07,4.7259801349239275e-08
1732.6500347222245,1.6857607550155388e-07,6.991048922367832e-08
1739.6500347222245,8.437114763620713e-08,9.569019954980619e-08
1746.6500347222245,1.463969180869298e-07,8.237810564409219e-08
1753.6500347222245,4.50576322126943e-08,3.018789112988592e-08
1760.6500347222245,6.202142943665479e-12,4.1822588794199195e-11
1767.6500347222245,2.659120806298541e-08,3.589640680753094e-08
1774.6500347222245,1.403065650310018e-07,1.245219552723252e-07
1781.6500347222245,1.386695525137275e-07,6.089814312232853e-08
1788.6500347222245,2.909842560100718e-08,1.3183900957650995e-08
1795.6500347222245,2.6929568412784346e-08,1.5996703305724425e-08
1802.6500347222245,2.1159921316371038e-08,4.526162976656043e-08
1809.6500347222245,1.685524203916234e-08,1.5248393824565254e-08
1816.6500347222245,7.925952675297183e-08,8.532256113766045e-08
1823.6500347222245,7.039595317623128e-09,5.3247750421459225e-09
1830.6500347222245,1.37623751474591e-07,6.09217031325453e-08
1837.6500347222245,1.983177956850573e-07,6.420906119291402e-08
1844.6500347222245,1.312976495152476e-07,4.7880060671326387e-08
1851.6500347222245,1.2263331419281954e-08,4.070468011810492e-08
1858.6500347222245,1.7253579886076154e-07,7.2352464569545e-08
1865.6500347222245,1.8721249518834698e-07,9.548210205979847e-08
1872.6500347222245,3.773387170143325e-11,3.2553846952904648e-09
1879.6500347222245,4.349091185338857e-08,3.280637502141699e-08
1886.6500347222245,1.318284954701733e-07,5.4366155228237076e-08
1893.6500347222245,1.3000605962511787e-07,5.069832893257524e-08
1900.6500347222245,1.2881325491066166e-07,5.92881518580543e-08
1907.6500347222245,1.5105362299775786e-07,6.473977262798053e-08
1914.6500347222245,2.329268936791124e-07,7.42022794150126e-08
1921.6500347222245,3.819526381251135e-08,4.483909847555711e-08
1928.6500347222245,2.0990685991655463e-08,1.6420936173856015e-08
1935.6500347222245,6.32474679512325e-08,3.66781659950309e-08
1942.6500347222245,1.3606275944108141e-07,5.204514321094845e-08
1949.6500347222245,1.4892538312896956e-07,7.220972121523323e-08
1956.6500347222245,1.0350059338204368e-07,5.305443872524332e-08
1963.6500347222245,1.1081517612539799e-07,6.084729277218247e-08
1970.6500347222245,1.5686183310547738e-07,6.294312092944877e-08
1977.6500347222245,1.8303066289860784e-07,8.258106375567896e-08
1984.6500347222245,1.0442381252211581e-07,7.033598596062875e-08
1991.6500347222245,1.3771803251843252e-07,6.341898255466716e-08
1998.6500347222245,1.4674816131322277e-07,6.143386120732451e-08
2005.6500347222245,2.3943581280661363e-07,9.540216248344977e-08
2012.6500347222245,1.2402136342502548e-07,6.805014621182332e-08
2019.6500347222245,1.3316766550850977e-07,6.65202068172356e-08
2026.6500347222245,2.4840544341514363e-07,7.850172231646207e-08
2033.6500347222245,2.674519245408205e-07,8.54169436252455e-08
2040.6500347222245,3.8168674010443784e-07,8.271738862521056e-08
2047.6500347222245,3.788718278542066e-07,7.113034451302917e-08
2054.6500347222245,3.6121208278931583e-07,7.137570450899773e-08
2061.6500347222245,8.660885529847106e-08,7.715020705992415e-08
2068.6500347222245,1.7052373180729331e-07,8.388299300243192e-08
2075.6500347222245,2.4135044977814737e-07,7.884126683028652e-08
2082.6500347222245,2.1875614206560862e-07,6.24954274742514e-07
2089.6500347222245,1.5422039816022854e-07,7.990210270127467e-08
2096.6500347222245,2.1836438830200527e-07,6.545070634872533e-08
2103.6500347222245,2.7782108709554554e-07,7.297983193274484e-08
2110.6500347222245,3.651495880013236e-07,1.2329042680381277e-07
2117.6500347222245,1.37384089159656e-07,9.958912992376109e-08
2124.6500347222245,1.6622873008488504e-07,6.602624117946058e-08
2131.6500347222245,1.5470609659761297e-07,7.168208853762679e-08
2138.6500347222245,1.2285069492543344e-07,6.963822747278806e-08
2145.6500347222245,7.735751913662832e-08,5.8884470591478194e-08
2152.6500347222245,2.2121981634009044e-07,6.145316787506434e-08
2159.6500347222245,6.84489870744428e-08,4.63697443785508e-08
2166.6500347222245,9.437573574153173e-07,1.1310578920886585e-07
2173.6500347222245,1.7006275233930655e-07,9.177904225972114e-08
2180.6500347222245,1.7179361163167853e-07,7.810961061989823e-08
2187.6500347222245,1.5637043797579912e-07,7.702700765471374e-08
2194.6500347222245,1.1919005840304371e-07,1.4757362295897695e-07
2201.6500347222245,1.8083152304969294e-07,7.011478507707955e-08
2208.6500347222245,2.556811380401756e-07,6.840344701530248e-08
2215.6500347222245,1.6073499344918363e-07,7.014396150431904e-08
2222.6500347222245,8.243672675154957e-08,5.2567132633340146e-08
2229.6500347222245,2.2649329485205672e-07,8.993911315020256e-08
2236.6500347222245,2.3091728178753567e-07,8.12665614380516e-08
2243.6500347222245,1.5810723648111922e-07,6.628327905454407e-08
2250.6500347222245,2.4200724489311815e-07,7.25814505100191e-08
2257.6500347222245,1.3605792513635765e-07,5.143427594508072e-08
2264.6500347222245,2.5961118848368816e-07,6.547476812733828e-08
2271.6500347222245,3.362783066122408e-07,8.174595123181431e-08
2278.6500347222245,4.128052860177217e-07,9.60183365737042e-08
2285.6500347222245,4.0024921139584597e-07,8.197834518294125e-08
2292.6500347222245,2.3253981883820802e-07,8.051432366925402e-08
2299.6500347222245,1.8716522554346128e-07,7.241739405709392e-08
2306.6500347222245,1.303974811758711e-07,6.543050073823256e-08
2313.6500347222245,3.4260442844662405e-08,3.6110440952533076e-08
2320.6500347222245,9.46703512931589e-09,1.3811360916477112e-08
2327.6500347222245,3.9855963402916647e-11,2.6369625099928707e-09
2334.6500347222245,1.968324786440201e-07,7.345324882286011e-08
2341.6500347222245,7.425790164125846e-08,4.107964201267191e-08
2348.6500347222245,2.3803852735732086e-07,8.892368555772013e-08
2355.6500347222245,1.4002206546306802e-07,7.155695690254972e-08
2362.6500347222245,2.1547958103041236e-08,2.7447826163861213e-08
2369.6500347222245,1.3815277884266556e-07,6.573434489548219e-08
2376.6500347222245,1.1747325854397138e-07,5.418506342455918e-08
2383.6500347222245,9.857713310322236e-08,4.7721975083894594e-08
2390.6500347222245,2.484518295541675e-07,6.196503655254999e-08
2397.6500347222245,1.530017931963886e-07,9.68183031675805e-08
2404.6500347222245,2.14858693416808e-07,8.455316386910733e-08
2411.6500347222245,1.181344231142518e-07,6.195304364920751e-08
2418.6500347222245,2.0621633284905246e-08,3.503019307787326e-08
2425.6500347222245,6.676885439887788e-09,4.673791119040461e-09
2432.6500347222245,1.012870186356196e-07,4.931204384307876e-08
2439.6500347222245,2.9528541955297905e-07,7.100632717532019e-08
2446.6500347222245,1.0263887998287907e-07,5.817737896383068e-08
2453.6500347222245,1.3465520024031018e-07,5.31339270622875e-08
2460.6500347222245,1.9912079003945382e-07,8.264549145423974e-08
2467.6500347222245,9.792162732474406e-08,5.286693849487007e-08
2474.6500347222245,1.8015868750047783e-07,5.354996000696493e-08
2481.6500347222245,1.456628941815042e-07,5.2111692816338615e-08
2488.6500347222245,3.04265720411105e-08,3.8158248835414365e-08
2495.6500347222245,2.843858078424492e-07,7.75691808565692e-08
2502.6500347222245,2.530259553470495e-07,6.623416580426063e-08
2509.6500347222245,2.276212795261312e-07,8.581059793929896e-08
2516.6500347222245,1.811671155522899e-07,7.965169622789725e-08
2523.6500347222245,9.3659617083453e-08,4.7755891961030336e-08
2530.6500347222245,1.646424396263578e-07,7.437341105034442e-08
2537.6500347222245,4.977007304871761e-08,5.1962204259281e-08
2544.6500347222245,1.479091322725501e-07,7.215848444092604e-08
2551.6500347222245,1.311465511216592e-07,7.325438637001763e-08
2558.6500347222245,1.9260586808907567e-07,7.672463961927587e-08
2565.6500347222245,9.448354968606617e-08,6.992377488754378e-08
2572.6500347222245,1.377398834499208e-07,6.764076922854135e-08
2579.6500347222245,3.848210594351045e-07,9.30088184266932e-08
2586.6500347222245,1.732782456316577e-07,4.4286434942547165e-08
2593.6500347222245,2.080944793367438e-07,6.26454375417723e-08
2600.6500347222245,2.4612409099968056e-07,5.8718093261167505e-08
2607.6500347222245,1.506790580715372e-08,4.172631167694232e-08
2614.6500347222245,1.2510291238026243e-11,6.737580958567888e-10
2621.6500347222245,1.9562407909768768e-08,3.343788683312466e-08
2628.6500347222245,1.2348030853445357e-07,4.931116082479736e-08
2635.6500347222245,2.0993215868554123e-08,3.4166996467891864e-08
2642.6500347222245,2.618884508242576e-08,3.792622273595582e-08
2649.6500347222245,1.8244889126870378e-07,9.846550984431996e-08
2656.6500347222245,9.413414339597989e-08,6.44358555361849e-08
2663.6500347222245,4.549823472325776e-08,2.758716303457552e-08
2670.6500347222245,1.972479734936552e-07,8.041527658459744e-08
2677.6500347222245,3.4681164476215776e-07,1.6111616724068719e-07
2684.6500347222245,1.736367093733203e-07,1.2856711687055403e-07
2691.6500347222245,1.4562349188994556e-07,9.257872502703673e-08
2698.6500347222245,1.2244885068032768e-07,1.0187897817181195e-07
2705.6500347222245,1.4497129889148243e-07,8.15598722643559e-08
2712.6500347222245,3.292758297386973e-07,1.579869052784332e-07
2719.6500347222245,6.143808407319936e-07,9.730823577444408e-08
2726.6500347222245,1.888344652337527e-07,1.0493013558836802e-07
2733.6500347222245,9.510576054540769e-08,1.0532844257280584e-07
2740.6500347222245,1.9235359460013024e-07,7.271932226896799e-08
2747.6500347222245,1.4996701748599107e-07,3.783424817899241e-08
2754.6500347222245,6.797251029057922e-09,5.291033883590513e-08
2761.6500347222245,2.7090388718691713e-07,1.0047082327670295e-07
2768.6500347222245,1.3764608398437502e-07,1.1212054413404687e-07
2775.6500347222245,1.464905242391538e-07,9.274177654341983e-08
2782.6500347222245,2.6244407460734885e-07,6.83196635559797e-08
2789.6500347222245,1.681716147360217e-07,5.6126555054136e-08
2796.6500347222245,5.1920891839160504e-08,3.9170744791833476e-08
2803.6500347222245,2.0051150496374987e-07,6.314913384162467e-08
2810.6500347222245,8.891226709937324e-08,7.248630201211124e-08
2817.6500347222245,1.6609081740757718e-08,4.168813654625719e-08
2824.6500347222245,3.8003627644946514e-08,2.3152728936468256e-08
2831.6500347222245,1.4758705088617294e-07,8.370461534574903e-08
2838.6500347222245,1.0297934427169978e-07,7.143654139762684e-08
2845.6500347222245,3.808206672931066e-08,4.2755716945411944e-08
2852.6500347222245,1.5607206436171458e-07,8.16780566665705e-08
2859.6500347222245,2.480330391925648e-07,8.911519650261884e-08
2866.6500347222245,2.888525510873274e-08,4.697884722525686e-08
2873.6500347222245,1.514592244769128e-07,7.120301099685377e-08
2880.6500347222245,2.633417136671319e-07,8.831274611692648e-08
2887.6500347222245,5.527336769694087e-07,1.1758961323553881e-07
2894.6500347222245,2.114420067337528e-07,6.974600320635621e-08
2901.6500347222245,6.659403810150413e-07,8.50275557103013e-08
2908.6500347222245,6.072976300361878e-07,1.0322303265128383e-07
2915.6500347222245,2.8584126596776024e-07,1.052407161622515e-07
2922.6500347222245,8.511390875284323e-08,5.391652333015693e-08
2929.6500347222245,2.5100234271573996e-07,8.170856168276633e-08
2936.6500347222245,2.1177274848668699e-07,8.079700648557201e-08
2943.6500347222245,2.535548802112813e-07,8.874344489360655e-08
2950.6500347222245,2.63534216404213e-07,7.224561108588245e-08
2957.6500347222245,2.2694632279802823e-07,7.850987397601698e-08
2964.6500347222245,6.326032240696762e-08,7.751687569077344e-08
2971.6500347222245,1.55467105808213e-07,7.35201866603645e-08
2978.6500347222245,4.338227888050062e-08,3.071068418744928e-08
2985.6500347222245,1.804939730376348e-07,6.610261180920387e-08
2992.6500347222245,7.61970550997471e-08,4.769287631767375e-08
2999.6500347222245,1.341032166954806e-07,4.9729721047833204e-08
3006.6500347222245,1.754831870586633e-07,5.7194798533005936e-08
3013.6500347222245,2.4454143458434824e-07,7.583999186507633e-08
3020.6500347222245,1.0250086525295359e-07,6.205923409412091e-08
3027.6500347222245,1.5143314591112433e-07,5.7053011544725414e-08
3034.6500347222245,9.852488802247513e-08,6.129698817355902e-08
3041.6500347222245,1.5558256343795185e-07,7.743340257735567e-08
3048.6500347222245,9.470603318431212e-08,5.980868320935587e-08
3055.6500347222245,5.383219101901213e-08,4.9205295889503676e-08
3062.6500347222245,2.7364775055741595e-08,3.3628269800861934e-08
3069.6500347222245,7.451739633482613e-08,5.09546468517435e-08
3076.6500347222245,3.048809257034816e-08,4.737540027246973e-08
3083.6500347222245,1.6707665283117047e-07,5.676555281449063e-08
3090.6500347222245,1.1060817216505649e-07,6.459023310733755e-08
3097.6500347222245,4.161403913769587e-08,5.327523766685951e-08
3104.6500347222245,1.2215454398190027e-07,5.284658860001312e-08
3111.6500347222245,4.9050293025224255e-11,4.362515881078242e-09
3118.6500347222245,1.4015386645031735e-11,2.080074705281359e-09
3125.6500347222245,3.564485672702657e-08,2.662510186951069e-08
3132.6500347222245,5.5000575734981577e-08,4.622028688432857e-08
3139.6500347222245,1.8034974348269802e-11,2.094904634500561e-09
3146.6500347222245,5.623423026449033e-08,5.048720590195149e-08
3153.6500347222245,1.3601037152040832e-07,6.7520919611183e-08
3160.6500347222245,3.053305742193499e-08,3.7804396874162055e-08
3167.6500347222245,1.1089190927480026e-08,3.124505086146598e-08
3174.6500347222245,3.1302416300550595e-08,4.06435909806361e-08
3181.6500347222245,1.7297673247832535e-08,4.671051563107654e-08
3188.6500347222245,1.0070482781531313e-07,3.336054735829767e-08
3195.6500347222245,1.1198193816764512e-08,2.328300649652804e-08
3202.6500347222245,1.1545513996134294e-08,3.9599944001732784e-08
3209.6500347222245,1.8827436325504136e-07,6.511842227350659e-08
3216.6500347222245,4.4702173836285506e-08,1.8733734777745777e-08
3223.6500347222245,1.3577354396821723e-07,6.646465176525657e-08
3230.6500347222245,1.0110819997954888e-07,3.8761779415078397e-08
3237.6500347222245,8.11390031929178e-08,1.1214070193220707e-07
3244.6500347222245,1.4028315912028075e-07,7.00691336726551e-08
3251.6500347222245,2.1718458282467156e-07,6.799136176269658e-08
3258.6500347222245,2.3907484252009313e-07,8.01354385217351e-08
3265.6500347222245,4.968245422291438e-07,7.362627976275741e-08
3272.6500347222245,3.4930160326843287e-07,7.338671126837056e-08
3279.6500347222245,2.151589956021088e-07,7.044726518479129e-08
3286.6500347222245,1.0214181716183912e-08,7.037910720910887e-09
3293.6500347222245,3.974978088276038e-07,7.065019489784782e-08
3300.6500347222245,3.8210122679045455e-07,7.978634799461953e-08
3307.6500347222245,3.915580249816742e-07,9.283178816023876e-08
3314.6500347222245,3.121047638383513e-07,8.64043596776553e-08
3321.6500347222245,2.904341763131919e-07,6.902333548162384e-08
3328.6500347222245,2.8562973015103886e-07,7.35393319346697e-08
3335.6500347222245,5.60333735763007e-07,8.608610012862734e-08
3342.6500347222245,3.934420103907603e-07,8.209105705669682e-08
3349.6500347222245,3.489676321887079e-07,7.414973062191533e-08
3356.6500347222245,3.998712648507331e-07,8.676880466967153e-08
3363.6500347222245,3.1004864069902806e-07,8.21384168699284e-08
3370.6500347222245,4.231433125332963e-07,6.850419046130125e-08
3377.6500347222245,8.107184191296688e-07,8.04565593676206e-08
3384.6500347222245,4.0932006676901813e-07,8.274114724613203e-08
3391.6500347222245,5.117985300062927e-08,9.706746025083681e-08
3398.6500347222245,6.491552002366386e-07,1.0370260632449738e-07
3405.6500347222245,7.023528595580683e-07,9.399568388565116e-08
3412.6500347222245,2.1488328382149445e-07,7.095508649782117e-08
3419.6500347222245,1.9975820572359977e-07,6.321726975759917e-08
3426.6500347222245,2.5135635705607947e-07,5.590054103799724e-08
3433.6500347222245,3.327960035857085e-07,6.990245836546406e-08
3440.6500347222245,5.5505672427578806e-08,5.908051555469293e-08
3447.6500347222245,3.443924893804397e-08,1.343873636222317e-08
3454.6500347222245,3.9384821459707133e-07,8.16361365173705e-08
3461.6500347222245,5.184365313275061e-07,1.0065692287951139e-07
3468.6500347222245,1.490207702423238e-07,1.0301801717271694e-07
3475.6500347222245,2.0622396618314829e-07,6.534356893375215e-08
3482.6500347222245,3.562402148490675e-07,7.134204963714916e-08
3489.6500347222245,2.967258231384455e-07,7.6664478459644e-08
3496.6500347222245,8.274813802917733e-08,4.076242615038798e-08
3503.6500347222245,3.854443688867186e-07,7.896384395464077e-08
3510.6500347222245,3.129136120022797e-08,1.4990493032962038e-08
3517.6500347222245,3.730492929138109e-08,2.0355408253101042e-08
3524.6500347222245,5.16147460828782e-08,3.132585112982875e-08
3531.6500347222245,7.79915123969591e-08,5.2494941828621004e-08
3538.6500347222245,1.1254252998416516e-07,6.139548790994999e-08
3545.6500347222245,3.3230723207878185e-07,8.842909026191618e-08
3552.6500347222245,2.100570019322e-07,7.896773757112654e-08
3559.6500347222245,1.734171743394116e-07,7.385573343703853e-08
3566.6500347222245,4.2929869709232673e-08,5.4967350093959774e-08
3573.6500347222245,2.536969154267622e-08,5.375899016155307e-08
3580.6500347222245,1.3395651382779044e-07,5.109829603951213e-08
3587.6500347222245,1.69997922951108e-07,7.025023515892109e-08
3594.6500347222245,2.428682712645334e-07,7.25542361390248e-08
3601.6500347222245,1.3454570133028392e-07,6.139461671360726e-08
3608.6500347222245,1.0552019706061264e-07,6.381407031883738e-08
3615.6500347222245,2.85407415806364e-07,8.116498432272845e-08
3622.6500347222245,2.822483022986565e-07,8.481978664515387e-08
3629.6500347222245,5.5581247511890064e-08,5.098254225536648e-08
3636.6500347222245,8.82101443436572e-08,5.0185981254100495e-08
3643.6500347222245,7.060577529951685e-08,4.858139857817435e-08
3650.6500347222245,1.254609113638409e-07,6.538148062067402e-08
3657.6500347222245,3.5375480084875327e-07,7.967706544047069e-08
3664.6500347222245,5.266004426345496e-07,1.0244097011123079e-07
3671.6500347222245,3.4034089336907227e-07,8.833307195726855e-08
3678.6500347222245,2.6149055734237564e-07,1.0615193087165452e-07
3685.6500347222245,2.13793500790114e-07,7.252573813979514e-08
3692.6500347222245,1.2459004229856855e-07,6.317404594707573e-08
3699.6500347222245,1.5752540539683246e-07,5.9213101078483656e-08
3706.6500347222245,2.3828508748238539e-07,8.401390544504797e-08
3713.6500347222245,5.896156913002997e-08,4.498345865422822e-08
3720.6500347222245,2.140090972502618e-08,3.820191334819786e-08
3727.6500347222245,4.058676771818498e-07,8.16935821020739e-08
3734.6500347222245,4.650622013785513e-07,9.525179674433133e-08
3741.6500347222245,2.8499935143234854e-07,7.252014431007095e-08
3748.6500347222245,3.075176078907263e-07,8.05505662941694e-08
3755.6500347222245,2.4216488710719407e-07,8.593981938548845e-08
3762.6500347222245,1.6654815452820722e-07,5.467001895463023e-08
3769.6500347222245,3.32891747622031e-07,9.126697595973258e-08
3776.6500347222245,3.5364004476288365e-07,7.840276696731064e-08
3783.6500347222245,2.1990701481642367e-07,8.635892253972327e-08
3790.6500347222245,2.0736670783313266e-07,6.184182974648537e-08
3797.6500347222245,2.9821482259172635e-07,6.23664196459786e-08
3804.6500347222245,1.4400792538207514e-07,1.1118895561518114e-07
3811.6500347222245,2.7666622802912944e-07,8.089333654435706e-08
3818.6500347222245,2.2494300731725416e-07,7.718697898435999e-08
3825.6500347222245,2.4888923214015316e-07,8.154657343570718e-08
3832.6500347222245,5.8047503340777596e-08,2.3800749655509903e-08
3839.6500347222245,2.4442029853356377e-07,7.732060861093153e-08
3846.6500347222245,3.3827219182532437e-07,3.956285438839337e-08
3853.6500347222245,2.520376636271461e-07,7.269273388086568e-08
3860.6500347222245,7.764912784603115e-08,4.2809174382287495e-08
3867.6500347222245,1.6056799532243955e-07,6.757938928260753e-08
3874.6500347222245,2.01828398931687e-09,1.8300996313649623e-09
3881.6500347222245,9.089077471244288e-07,9.763691001586006e-08
3888.6500347222245,1.3889103384782025e-07,6.191661932745176e-08
3895.6500347222245,9.197773118654106e-08,7.65522833533136e-08
3902.6500347222245,1.9881178570769982e-07,6.202785695632938e-08
3909.6500347222245,3.220506614445334e-07,8.717959073192796e-08
3916.6500347222245,1.7641728792814786e-07,6.017209046613899e-08
3923.6500347222245,1.573565085511109e-07,7.526572749693975e-08
3930.6500347222245,2.573128417750877e-07,1.0992206517291956e-07
3937.6500347222245,1.8066822567947822e-07,7.958654042547301e-08
3944.6500347222245,1.2096468163594858e-07,8.318759012893222e-08
3951.6500347222245,1.3418364087638446e-07,4.954232846004162e-08
3958.6500347222245,1.3898596042782992e-07,6.561234202585503e-08
3965.6500347222245,9.862619390959706e-08,5.6609694265400096e-08
3972.6500347222245,2.0374285941546523e-07,7.787179843254694e-08
3979.6500347222245,4.13411616855404e-08,2.0057711193853916e-08
3986.6500347222245,1.8046538880769856e-07,7.031502537351283e-08
3993.6500347222245,1.3420601879464479e-08,3.4531602147284914e-08
4000.6500347222245,3.380827314106515e-07,8.461761154649006e-08
4007.6500347222245,5.9414464249544915e-09,7.058983079275768e-09
4014.6500347222245,3.0484944594219427e-07,7.306649660748921e-08
4021.6500347222245,2.3964376608118673e-07,9.070511226866581e-08
4028.6500347222245,2.5589216828771965e-07,8.029538091771968e-08
4035.6500347222245,1.5597899666011355e-08,1.2825198847135381e-08
4042.6500347222245,6.1926454473016695e-12,8.168453295745534e-11
4049.6500347222245,1.370269892368731e-07,7.44296098155949e-08
4056.6500347222245,3.7896732694509616e-08,4.03481459559206e-08
4063.6500347222245,1.2835122536141673e-07,4.705912272241419e-08
4070.6500347222245,1.2032051616578641e-08,1.2329584166711637e-08
4077.6500347222245,1.5748060083554407e-11,2.3293794853389325e-09
4084.6500347222245,9.949256383081786e-08,7.721743588928753e-08
4091.6500347222245,1.3364600743777845e-07,7.22586268961168e-08
4098.6500347222245,9.622716542408631e-08,5.252817797116205e-08
4105.6500347222245,5.102979626875671e-08,4.03360172859631e-08
4112.6500347222245,1.4034813673431737e-07,5.608159145145684e-08
4119.6500347222245,2.1473143735701683e-07,6.255111103532959e-08
4126.6500347222245,1.2185502213583426e-07,5.913026555930659e-08
4133.6500347222245,3.530331656117274e-08,4.534247736221924e-08
4140.6500347222245,2.2572172319870182e-07,7.320348505685012e-08
